"Age","Ethnicity","Rate","Sex"
0,"WBI",0,"F"
1,"WBI",0,"F"
2,"WBI",0,"F"
3,"WBI",0,"F"
4,"WBI",0,"F"
5,"WBI",0,"F"
6,"WBI",0,"F"
7,"WBI",0,"F"
8,"WBI",0,"F"
9,"WBI",0,"F"
10,"WBI",1.11e-05,"F"
11,"WBI",0.000101105,"F"
12,"WBI",0.000679364,"F"
13,"WBI",0.00156455,"F"
14,"WBI",0.003154169,"F"
15,"WBI",0.005686387,"F"
16,"WBI",0.009322147,"F"
17,"WBI",0.014087292,"F"
18,"WBI",0.020845381,"F"
19,"WBI",0.028540567,"F"
20,"WBI",0.036757442,"F"
21,"WBI",0.045019034,"F"
22,"WBI",0.051852756,"F"
23,"WBI",0.058488029,"F"
24,"WBI",0.063789078,"F"
25,"WBI",0.067576041,"F"
26,"WBI",0.069798874,"F"
27,"WBI",0.069646469,"F"
28,"WBI",0.070586373,"F"
29,"WBI",0.070206113,"F"
30,"WBI",0.068735989,"F"
31,"WBI",0.066418396,"F"
32,"WBI",0.061011877,"F"
33,"WBI",0.062459898,"F"
34,"WBI",0.063041829,"F"
35,"WBI",0.062971694,"F"
36,"WBI",0.062433147,"F"
37,"WBI",0.054485899,"F"
38,"WBI",0.051205719,"F"
39,"WBI",0.048007312,"F"
40,"WBI",0.044975593,"F"
41,"WBI",0.042165582,"F"
42,"WBI",0.035581613,"F"
43,"WBI",0.029866835,"F"
44,"WBI",0.024946844,"F"
45,"WBI",0.020741816,"F"
46,"WBI",0.018708942,"F"
47,"WBI",0.015449643,"F"
48,"WBI",0.012709362,"F"
49,"WBI",0.010290345,"F"
50,"WBI",0,"F"
51,"WBI",0,"F"
52,"WBI",0,"F"
53,"WBI",0,"F"
54,"WBI",0,"F"
55,"WBI",0,"F"
56,"WBI",0,"F"
57,"WBI",0,"F"
58,"WBI",0,"F"
59,"WBI",0,"F"
60,"WBI",0,"F"
61,"WBI",0,"F"
62,"WBI",0,"F"
63,"WBI",0,"F"
64,"WBI",0,"F"
65,"WBI",0,"F"
66,"WBI",0,"F"
67,"WBI",0,"F"
68,"WBI",0,"F"
69,"WBI",0,"F"
70,"WBI",0,"F"
71,"WBI",0,"F"
72,"WBI",0,"F"
73,"WBI",0,"F"
74,"WBI",0,"F"
75,"WBI",0,"F"
76,"WBI",0,"F"
77,"WBI",0,"F"
78,"WBI",0,"F"
79,"WBI",0,"F"
80,"WBI",0,"F"
81,"WBI",0,"F"
82,"WBI",0,"F"
83,"WBI",0,"F"
84,"WBI",0,"F"
85,"WBI",0,"F"
0,"WHO",0,"F"
1,"WHO",0,"F"
2,"WHO",0,"F"
3,"WHO",0,"F"
4,"WHO",0,"F"
5,"WHO",0,"F"
6,"WHO",0,"F"
7,"WHO",0,"F"
8,"WHO",0,"F"
9,"WHO",0,"F"
10,"WHO",1.25e-05,"F"
11,"WHO",0.00011368,"F"
12,"WHO",0.000763862,"F"
13,"WHO",0.001759144,"F"
14,"WHO",0.003546476,"F"
15,"WHO",0.006393645,"F"
16,"WHO",0.010481611,"F"
17,"WHO",0.015839432,"F"
18,"WHO",0.023438074,"F"
19,"WHO",0.032090368,"F"
20,"WHO",0.041329236,"F"
21,"WHO",0.050618383,"F"
22,"WHO",0.058302065,"F"
23,"WHO",0.065762616,"F"
24,"WHO",0.071722996,"F"
25,"WHO",0.075980971,"F"
26,"WHO",0.078480274,"F"
27,"WHO",0.078308913,"F"
28,"WHO",0.07936572,"F"
29,"WHO",0.078938164,"F"
30,"WHO",0.07728519,"F"
31,"WHO",0.074679341,"F"
32,"WHO",0.068600374,"F"
33,"WHO",0.070228495,"F"
34,"WHO",0.070882806,"F"
35,"WHO",0.070803947,"F"
36,"WHO",0.070198418,"F"
37,"WHO",0.061262711,"F"
38,"WHO",0.057574552,"F"
39,"WHO",0.053978335,"F"
40,"WHO",0.050569538,"F"
41,"WHO",0.047410026,"F"
42,"WHO",0.040007161,"F"
43,"WHO",0.033581594,"F"
44,"WHO",0.028049667,"F"
45,"WHO",0.023321628,"F"
46,"WHO",0.021035911,"F"
47,"WHO",0.017371229,"F"
48,"WHO",0.014290118,"F"
49,"WHO",0.011570231,"F"
50,"WHO",0,"F"
51,"WHO",0,"F"
52,"WHO",0,"F"
53,"WHO",0,"F"
54,"WHO",0,"F"
55,"WHO",0,"F"
56,"WHO",0,"F"
57,"WHO",0,"F"
58,"WHO",0,"F"
59,"WHO",0,"F"
60,"WHO",0,"F"
61,"WHO",0,"F"
62,"WHO",0,"F"
63,"WHO",0,"F"
64,"WHO",0,"F"
65,"WHO",0,"F"
66,"WHO",0,"F"
67,"WHO",0,"F"
68,"WHO",0,"F"
69,"WHO",0,"F"
70,"WHO",0,"F"
71,"WHO",0,"F"
72,"WHO",0,"F"
73,"WHO",0,"F"
74,"WHO",0,"F"
75,"WHO",0,"F"
76,"WHO",0,"F"
77,"WHO",0,"F"
78,"WHO",0,"F"
79,"WHO",0,"F"
80,"WHO",0,"F"
81,"WHO",0,"F"
82,"WHO",0,"F"
83,"WHO",0,"F"
84,"WHO",0,"F"
85,"WHO",0,"F"
0,"MIX",0,"F"
1,"MIX",0,"F"
2,"MIX",0,"F"
3,"MIX",0,"F"
4,"MIX",0,"F"
5,"MIX",0,"F"
6,"MIX",0,"F"
7,"MIX",0,"F"
8,"MIX",0,"F"
9,"MIX",0,"F"
10,"MIX",5.52e-07,"F"
11,"MIX",9.74e-06,"F"
12,"MIX",0.000126576,"F"
13,"MIX",0.000376005,"F"
14,"MIX",0.000941323,"F"
15,"MIX",0.002043693,"F"
16,"MIX",0.003933923,"F"
17,"MIX",0.006830557,"F"
18,"MIX",0.011469552,"F"
19,"MIX",0.017406423,"F"
20,"MIX",0.024426962,"F"
21,"MIX",0.032144155,"F"
22,"MIX",0.03943816,"F"
23,"MIX",0.046923615,"F"
24,"MIX",0.053410234,"F"
25,"MIX",0.058506236,"F"
26,"MIX",0.061978106,"F"
27,"MIX",0.06301031,"F"
28,"MIX",0.064665892,"F"
29,"MIX",0.064707602,"F"
30,"MIX",0.063386394,"F"
31,"MIX",0.060995974,"F"
32,"MIX",0.055545181,"F"
33,"MIX",0.055963604,"F"
34,"MIX",0.055472024,"F"
35,"MIX",0.054350666,"F"
36,"MIX",0.052834408,"F"
37,"MIX",0.044908849,"F"
38,"MIX",0.040822132,"F"
39,"MIX",0.037011238,"F"
40,"MIX",0.033552455,"F"
41,"MIX",0.030482662,"F"
42,"MIX",0.02475605,"F"
43,"MIX",0.019960605,"F"
44,"MIX",0.015986572,"F"
45,"MIX",0.012723755,"F"
46,"MIX",0.01116464,"F"
47,"MIX",0.008802112,"F"
48,"MIX",0.006903193,"F"
49,"MIX",0.005284077,"F"
50,"MIX",0,"F"
51,"MIX",0,"F"
52,"MIX",0,"F"
53,"MIX",0,"F"
54,"MIX",0,"F"
55,"MIX",0,"F"
56,"MIX",0,"F"
57,"MIX",0,"F"
58,"MIX",0,"F"
59,"MIX",0,"F"
60,"MIX",0,"F"
61,"MIX",0,"F"
62,"MIX",0,"F"
63,"MIX",0,"F"
64,"MIX",0,"F"
65,"MIX",0,"F"
66,"MIX",0,"F"
67,"MIX",0,"F"
68,"MIX",0,"F"
69,"MIX",0,"F"
70,"MIX",0,"F"
71,"MIX",0,"F"
72,"MIX",0,"F"
73,"MIX",0,"F"
74,"MIX",0,"F"
75,"MIX",0,"F"
76,"MIX",0,"F"
77,"MIX",0,"F"
78,"MIX",0,"F"
79,"MIX",0,"F"
80,"MIX",0,"F"
81,"MIX",0,"F"
82,"MIX",0,"F"
83,"MIX",0,"F"
84,"MIX",0,"F"
85,"MIX",0,"F"
0,"IND",0,"F"
1,"IND",0,"F"
2,"IND",0,"F"
3,"IND",0,"F"
4,"IND",0,"F"
5,"IND",0,"F"
6,"IND",0,"F"
7,"IND",0,"F"
8,"IND",0,"F"
9,"IND",0,"F"
10,"IND",5.27e-06,"F"
11,"IND",6.59e-05,"F"
12,"IND",0.000553779,"F"
13,"IND",0.001387908,"F"
14,"IND",0.003003756,"F"
15,"IND",0.005749742,"F"
16,"IND",0.009915115,"F"
17,"IND",0.015633542,"F"
18,"IND",0.0240107,"F"
19,"IND",0.033839755,"F"
20,"IND",0.044582091,"F"
21,"IND",0.055565504,"F"
22,"IND",0.06489466,"F"
23,"IND",0.073931698,"F"
24,"IND",0.081127741,"F"
25,"IND",0.086182958,"F"
26,"IND",0.089002293,"F"
27,"IND",0.088557556,"F"
28,"IND",0.089245434,"F"
29,"IND",0.088082478,"F"
30,"IND",0.08542995,"F"
31,"IND",0.081663826,"F"
32,"IND",0.074045976,"F"
33,"IND",0.074486373,"F"
34,"IND",0.073913233,"F"
35,"IND",0.072637283,"F"
36,"IND",0.070916241,"F"
37,"IND",0.060690811,"F"
38,"IND",0.055716549,"F"
39,"IND",0.051067031,"F"
40,"IND",0.04682288,"F"
41,"IND",0.043025459,"F"
42,"IND",0.035447671,"F"
43,"IND",0.029029642,"F"
44,"IND",0.023641227,"F"
45,"IND",0.019152805,"F"
46,"IND",0.016999293,"F"
47,"IND",0.013664507,"F"
48,"IND",0.010937063,"F"
49,"IND",0.008579063,"F"
50,"IND",0,"F"
51,"IND",0,"F"
52,"IND",0,"F"
53,"IND",0,"F"
54,"IND",0,"F"
55,"IND",0,"F"
56,"IND",0,"F"
57,"IND",0,"F"
58,"IND",0,"F"
59,"IND",0,"F"
60,"IND",0,"F"
61,"IND",0,"F"
62,"IND",0,"F"
63,"IND",0,"F"
64,"IND",0,"F"
65,"IND",0,"F"
66,"IND",0,"F"
67,"IND",0,"F"
68,"IND",0,"F"
69,"IND",0,"F"
70,"IND",0,"F"
71,"IND",0,"F"
72,"IND",0,"F"
73,"IND",0,"F"
74,"IND",0,"F"
75,"IND",0,"F"
76,"IND",0,"F"
77,"IND",0,"F"
78,"IND",0,"F"
79,"IND",0,"F"
80,"IND",0,"F"
81,"IND",0,"F"
82,"IND",0,"F"
83,"IND",0,"F"
84,"IND",0,"F"
85,"IND",0,"F"
0,"PAK",0,"F"
1,"PAK",0,"F"
2,"PAK",0,"F"
3,"PAK",0,"F"
4,"PAK",0,"F"
5,"PAK",0,"F"
6,"PAK",0,"F"
7,"PAK",0,"F"
8,"PAK",0,"F"
9,"PAK",0,"F"
10,"PAK",0.000541565,"F"
11,"PAK",0.002088577,"F"
12,"PAK",0.007146291,"F"
13,"PAK",0.012503469,"F"
14,"PAK",0.01983118,"F"
15,"PAK",0.028960029,"F"
16,"PAK",0.039433874,"F"
17,"PAK",0.050590274,"F"
18,"PAK",0.064307057,"F"
19,"PAK",0.077506776,"F"
20,"PAK",0.089509854,"F"
21,"PAK",0.099804198,"F"
22,"PAK",0.105439768,"F"
23,"PAK",0.110122026,"F"
24,"PAK",0.112425757,"F"
25,"PAK",0.11255224,"F"
26,"PAK",0.110789705,"F"
27,"PAK",0.105984638,"F"
28,"PAK",0.10347185,"F"
29,"PAK",0.099850319,"F"
30,"PAK",0.095440419,"F"
31,"PAK",0.09052514,"F"
32,"PAK",0.081878999,"F"
33,"PAK",0.082745094,"F"
34,"PAK",0.082880545,"F"
35,"PAK",0.082485022,"F"
36,"PAK",0.081721339,"F"
37,"PAK",0.071430756,"F"
38,"PAK",0.067474294,"F"
39,"PAK",0.063719898,"F"
40,"PAK",0.060222338,"F"
41,"PAK",0.057012214,"F"
42,"PAK",0.048740294,"F"
43,"PAK",0.041524644,"F"
44,"PAK",0.035263599,"F"
45,"PAK",0.029856813,"F"
46,"PAK",0.027236822,"F"
47,"PAK",0.022958925,"F"
48,"PAK",0.019305109,"F"
49,"PAK",0.016039471,"F"
50,"PAK",0,"F"
51,"PAK",0,"F"
52,"PAK",0,"F"
53,"PAK",0,"F"
54,"PAK",0,"F"
55,"PAK",0,"F"
56,"PAK",0,"F"
57,"PAK",0,"F"
58,"PAK",0,"F"
59,"PAK",0,"F"
60,"PAK",0,"F"
61,"PAK",0,"F"
62,"PAK",0,"F"
63,"PAK",0,"F"
64,"PAK",0,"F"
65,"PAK",0,"F"
66,"PAK",0,"F"
67,"PAK",0,"F"
68,"PAK",0,"F"
69,"PAK",0,"F"
70,"PAK",0,"F"
71,"PAK",0,"F"
72,"PAK",0,"F"
73,"PAK",0,"F"
74,"PAK",0,"F"
75,"PAK",0,"F"
76,"PAK",0,"F"
77,"PAK",0,"F"
78,"PAK",0,"F"
79,"PAK",0,"F"
80,"PAK",0,"F"
81,"PAK",0,"F"
82,"PAK",0,"F"
83,"PAK",0,"F"
84,"PAK",0,"F"
85,"PAK",0,"F"
0,"BAN",0,"F"
1,"BAN",0,"F"
2,"BAN",0,"F"
3,"BAN",0,"F"
4,"BAN",0,"F"
5,"BAN",0,"F"
6,"BAN",0,"F"
7,"BAN",0,"F"
8,"BAN",0,"F"
9,"BAN",0,"F"
10,"BAN",0.000587162,"F"
11,"BAN",0.002264566,"F"
12,"BAN",0.007747204,"F"
13,"BAN",0.013554496,"F"
14,"BAN",0.021498053,"F"
15,"BAN",0.031394387,"F"
16,"BAN",0.042748503,"F"
17,"BAN",0.054842476,"F"
18,"BAN",0.069712042,"F"
19,"BAN",0.084020872,"F"
20,"BAN",0.09703264,"F"
21,"BAN",0.108192283,"F"
22,"BAN",0.114301515,"F"
23,"BAN",0.119377445,"F"
24,"BAN",0.12187511,"F"
25,"BAN",0.122012109,"F"
26,"BAN",0.120101564,"F"
27,"BAN",0.114892771,"F"
28,"BAN",0.112168588,"F"
29,"BAN",0.108242762,"F"
30,"BAN",0.103462226,"F"
31,"BAN",0.098133868,"F"
32,"BAN",0.088761205,"F"
33,"BAN",0.089700256,"F"
34,"BAN",0.089846888,"F"
35,"BAN",0.089417971,"F"
36,"BAN",0.08858997,"F"
37,"BAN",0.077434126,"F"
38,"BAN",0.073144698,"F"
39,"BAN",0.069075172,"F"
40,"BAN",0.06528368,"F"
41,"BAN",0.061803768,"F"
42,"BAN",0.052836802,"F"
43,"BAN",0.045014127,"F"
44,"BAN",0.038226283,"F"
45,"BAN",0.032365152,"F"
46,"BAN",0.02952502,"F"
47,"BAN",0.024887868,"F"
48,"BAN",0.020927621,"F"
49,"BAN",0.017387304,"F"
50,"BAN",0,"F"
51,"BAN",0,"F"
52,"BAN",0,"F"
53,"BAN",0,"F"
54,"BAN",0,"F"
55,"BAN",0,"F"
56,"BAN",0,"F"
57,"BAN",0,"F"
58,"BAN",0,"F"
59,"BAN",0,"F"
60,"BAN",0,"F"
61,"BAN",0,"F"
62,"BAN",0,"F"
63,"BAN",0,"F"
64,"BAN",0,"F"
65,"BAN",0,"F"
66,"BAN",0,"F"
67,"BAN",0,"F"
68,"BAN",0,"F"
69,"BAN",0,"F"
70,"BAN",0,"F"
71,"BAN",0,"F"
72,"BAN",0,"F"
73,"BAN",0,"F"
74,"BAN",0,"F"
75,"BAN",0,"F"
76,"BAN",0,"F"
77,"BAN",0,"F"
78,"BAN",0,"F"
79,"BAN",0,"F"
80,"BAN",0,"F"
81,"BAN",0,"F"
82,"BAN",0,"F"
83,"BAN",0,"F"
84,"BAN",0,"F"
85,"BAN",0,"F"
0,"CHI",0,"F"
1,"CHI",0,"F"
2,"CHI",0,"F"
3,"CHI",0,"F"
4,"CHI",0,"F"
5,"CHI",0,"F"
6,"CHI",0,"F"
7,"CHI",0,"F"
8,"CHI",0,"F"
9,"CHI",0,"F"
10,"CHI",5.46e-07,"F"
11,"CHI",8.19e-06,"F"
12,"CHI",0.000106806,"F"
13,"CHI",0.000317141,"F"
14,"CHI",0.000793946,"F"
15,"CHI",0.001723653,"F"
16,"CHI",0.003317826,"F"
17,"CHI",0.005760715,"F"
18,"CHI",0.009673084,"F"
19,"CHI",0.014679932,"F"
20,"CHI",0.02060072,"F"
21,"CHI",0.027109279,"F"
22,"CHI",0.033260893,"F"
23,"CHI",0.039574063,"F"
24,"CHI",0.045044739,"F"
25,"CHI",0.049342642,"F"
26,"CHI",0.052270733,"F"
27,"CHI",0.053141199,"F"
28,"CHI",0.054537544,"F"
29,"CHI",0.054572671,"F"
30,"CHI",0.05345848,"F"
31,"CHI",0.051442551,"F"
32,"CHI",0.046845588,"F"
33,"CHI",0.047198595,"F"
34,"CHI",0.046784158,"F"
35,"CHI",0.045838513,"F"
36,"CHI",0.044559556,"F"
37,"CHI",0.037875334,"F"
38,"CHI",0.034428298,"F"
39,"CHI",0.031214231,"F"
40,"CHI",0.028297361,"F"
41,"CHI",0.025708307,"F"
42,"CHI",0.020878541,"F"
43,"CHI",0.016834166,"F"
44,"CHI",0.013482554,"F"
45,"CHI",0.010730639,"F"
46,"CHI",0.009416,"F"
47,"CHI",0.007423675,"F"
48,"CHI",0.00582216,"F"
49,"CHI",0.00445664,"F"
50,"CHI",0,"F"
51,"CHI",0,"F"
52,"CHI",0,"F"
53,"CHI",0,"F"
54,"CHI",0,"F"
55,"CHI",0,"F"
56,"CHI",0,"F"
57,"CHI",0,"F"
58,"CHI",0,"F"
59,"CHI",0,"F"
60,"CHI",0,"F"
61,"CHI",0,"F"
62,"CHI",0,"F"
63,"CHI",0,"F"
64,"CHI",0,"F"
65,"CHI",0,"F"
66,"CHI",0,"F"
67,"CHI",0,"F"
68,"CHI",0,"F"
69,"CHI",0,"F"
70,"CHI",0,"F"
71,"CHI",0,"F"
72,"CHI",0,"F"
73,"CHI",0,"F"
74,"CHI",0,"F"
75,"CHI",0,"F"
76,"CHI",0,"F"
77,"CHI",0,"F"
78,"CHI",0,"F"
79,"CHI",0,"F"
80,"CHI",0,"F"
81,"CHI",0,"F"
82,"CHI",0,"F"
83,"CHI",0,"F"
84,"CHI",0,"F"
85,"CHI",0,"F"
0,"OAS",0,"F"
1,"OAS",0,"F"
2,"OAS",0,"F"
3,"OAS",0,"F"
4,"OAS",0,"F"
5,"OAS",0,"F"
6,"OAS",0,"F"
7,"OAS",0,"F"
8,"OAS",0,"F"
9,"OAS",0,"F"
10,"OAS",7.72e-07,"F"
11,"OAS",1.36e-05,"F"
12,"OAS",0.000177179,"F"
13,"OAS",0.000526326,"F"
14,"OAS",0.001317648,"F"
15,"OAS",0.002860727,"F"
16,"OAS",0.005506639,"F"
17,"OAS",0.009561298,"F"
18,"OAS",0.016054885,"F"
19,"OAS",0.024365217,"F"
20,"OAS",0.034192449,"F"
21,"OAS",0.044994844,"F"
22,"OAS",0.055204869,"F"
23,"OAS",0.065682883,"F"
24,"OAS",0.074762743,"F"
25,"OAS",0.081896041,"F"
26,"OAS",0.086755905,"F"
27,"OAS",0.088200766,"F"
28,"OAS",0.090518223,"F"
29,"OAS",0.090576607,"F"
30,"OAS",0.088727203,"F"
31,"OAS",0.085381133,"F"
32,"OAS",0.077751205,"F"
33,"OAS",0.078336907,"F"
34,"OAS",0.077648801,"F"
35,"OAS",0.076079144,"F"
36,"OAS",0.073956711,"F"
37,"OAS",0.062862647,"F"
38,"OAS",0.05714213,"F"
39,"OAS",0.051807705,"F"
40,"OAS",0.04696616,"F"
41,"OAS",0.042669115,"F"
42,"OAS",0.034653101,"F"
43,"OAS",0.027940518,"F"
44,"OAS",0.022377733,"F"
45,"OAS",0.017810498,"F"
46,"OAS",0.015628074,"F"
47,"OAS",0.012321048,"F"
48,"OAS",0.009662972,"F"
49,"OAS",0.007396562,"F"
50,"OAS",0,"F"
51,"OAS",0,"F"
52,"OAS",0,"F"
53,"OAS",0,"F"
54,"OAS",0,"F"
55,"OAS",0,"F"
56,"OAS",0,"F"
57,"OAS",0,"F"
58,"OAS",0,"F"
59,"OAS",0,"F"
60,"OAS",0,"F"
61,"OAS",0,"F"
62,"OAS",0,"F"
63,"OAS",0,"F"
64,"OAS",0,"F"
65,"OAS",0,"F"
66,"OAS",0,"F"
67,"OAS",0,"F"
68,"OAS",0,"F"
69,"OAS",0,"F"
70,"OAS",0,"F"
71,"OAS",0,"F"
72,"OAS",0,"F"
73,"OAS",0,"F"
74,"OAS",0,"F"
75,"OAS",0,"F"
76,"OAS",0,"F"
77,"OAS",0,"F"
78,"OAS",0,"F"
79,"OAS",0,"F"
80,"OAS",0,"F"
81,"OAS",0,"F"
82,"OAS",0,"F"
83,"OAS",0,"F"
84,"OAS",0,"F"
85,"OAS",0,"F"
0,"BLA",0,"F"
1,"BLA",0,"F"
2,"BLA",0,"F"
3,"BLA",0,"F"
4,"BLA",0,"F"
5,"BLA",0,"F"
6,"BLA",0,"F"
7,"BLA",0,"F"
8,"BLA",0,"F"
9,"BLA",0,"F"
10,"BLA",0.000234431,"F"
11,"BLA",0.001055836,"F"
12,"BLA",0.004095614,"F"
13,"BLA",0.007556385,"F"
14,"BLA",0.012560868,"F"
15,"BLA",0.019124946,"F"
16,"BLA",0.027029398,"F"
17,"BLA",0.035849207,"F"
18,"BLA",0.047017596,"F"
19,"BLA",0.058206086,"F"
20,"BLA",0.068805036,"F"
21,"BLA",0.078303273,"F"
22,"BLA",0.084336702,"F"
23,"BLA",0.08965327,"F"
24,"BLA",0.09297636,"F"
25,"BLA",0.094388243,"F"
26,"BLA",0.094069629,"F"
27,"BLA",0.091023442,"F"
28,"BLA",0.08982929,"F"
29,"BLA",0.087502934,"F"
30,"BLA",0.084322261,"F"
31,"BLA",0.080544365,"F"
32,"BLA",0.073342012,"F"
33,"BLA",0.074638454,"F"
34,"BLA",0.075175495,"F"
35,"BLA",0.075143905,"F"
36,"BLA",0.074703553,"F"
37,"BLA",0.065539014,"F"
38,"BLA",0.062133187,"F"
39,"BLA",0.058846228,"F"
40,"BLA",0.055742934,"F"
41,"BLA",0.052863199,"F"
42,"BLA",0.045270613,"F"
43,"BLA",0.038621759,"F"
44,"BLA",0.032833303,"F"
45,"BLA",0.027821199,"F"
46,"BLA",0.02539029,"F"
47,"BLA",0.021411186,"F"
48,"BLA",0.018006631,"F"
49,"BLA",0.0149601,"F"
50,"BLA",0,"F"
51,"BLA",0,"F"
52,"BLA",0,"F"
53,"BLA",0,"F"
54,"BLA",0,"F"
55,"BLA",0,"F"
56,"BLA",0,"F"
57,"BLA",0,"F"
58,"BLA",0,"F"
59,"BLA",0,"F"
60,"BLA",0,"F"
61,"BLA",0,"F"
62,"BLA",0,"F"
63,"BLA",0,"F"
64,"BLA",0,"F"
65,"BLA",0,"F"
66,"BLA",0,"F"
67,"BLA",0,"F"
68,"BLA",0,"F"
69,"BLA",0,"F"
70,"BLA",0,"F"
71,"BLA",0,"F"
72,"BLA",0,"F"
73,"BLA",0,"F"
74,"BLA",0,"F"
75,"BLA",0,"F"
76,"BLA",0,"F"
77,"BLA",0,"F"
78,"BLA",0,"F"
79,"BLA",0,"F"
80,"BLA",0,"F"
81,"BLA",0,"F"
82,"BLA",0,"F"
83,"BLA",0,"F"
84,"BLA",0,"F"
85,"BLA",0,"F"
0,"BLC",0,"F"
1,"BLC",0,"F"
2,"BLC",0,"F"
3,"BLC",0,"F"
4,"BLC",0,"F"
5,"BLC",0,"F"
6,"BLC",0,"F"
7,"BLC",0,"F"
8,"BLC",0,"F"
9,"BLC",0,"F"
10,"BLC",0.000155154,"F"
11,"BLC",0.000699607,"F"
12,"BLC",0.002713071,"F"
13,"BLC",0.005005227,"F"
14,"BLC",0.008319975,"F"
15,"BLC",0.012667768,"F"
16,"BLC",0.017903453,"F"
17,"BLC",0.02374536,"F"
18,"BLC",0.031142934,"F"
19,"BLC",0.038553801,"F"
20,"BLC",0.045574139,"F"
21,"BLC",0.051865408,"F"
22,"BLC",0.055861619,"F"
23,"BLC",0.059383102,"F"
24,"BLC",0.061584246,"F"
25,"BLC",0.062519544,"F"
26,"BLC",0.062308562,"F"
27,"BLC",0.060290941,"F"
28,"BLC",0.059500032,"F"
29,"BLC",0.057958968,"F"
30,"BLC",0.05585236,"F"
31,"BLC",0.053349942,"F"
32,"BLC",0.04857927,"F"
33,"BLC",0.049438062,"F"
34,"BLC",0.049793527,"F"
35,"BLC",0.049772611,"F"
36,"BLC",0.049480991,"F"
37,"BLC",0.04341101,"F"
38,"BLC",0.041155306,"F"
39,"BLC",0.038978385,"F"
40,"BLC",0.036922822,"F"
41,"BLC",0.035015286,"F"
42,"BLC",0.029985879,"F"
43,"BLC",0.025581711,"F"
44,"BLC",0.021747301,"F"
45,"BLC",0.018427651,"F"
46,"BLC",0.016817758,"F"
47,"BLC",0.014181722,"F"
48,"BLC",0.011927132,"F"
49,"BLC",0.009909258,"F"
50,"BLC",0,"F"
51,"BLC",0,"F"
52,"BLC",0,"F"
53,"BLC",0,"F"
54,"BLC",0,"F"
55,"BLC",0,"F"
56,"BLC",0,"F"
57,"BLC",0,"F"
58,"BLC",0,"F"
59,"BLC",0,"F"
60,"BLC",0,"F"
61,"BLC",0,"F"
62,"BLC",0,"F"
63,"BLC",0,"F"
64,"BLC",0,"F"
65,"BLC",0,"F"
66,"BLC",0,"F"
67,"BLC",0,"F"
68,"BLC",0,"F"
69,"BLC",0,"F"
70,"BLC",0,"F"
71,"BLC",0,"F"
72,"BLC",0,"F"
73,"BLC",0,"F"
74,"BLC",0,"F"
75,"BLC",0,"F"
76,"BLC",0,"F"
77,"BLC",0,"F"
78,"BLC",0,"F"
79,"BLC",0,"F"
80,"BLC",0,"F"
81,"BLC",0,"F"
82,"BLC",0,"F"
83,"BLC",0,"F"
84,"BLC",0,"F"
85,"BLC",0,"F"
0,"OBL",0,"F"
1,"OBL",0,"F"
2,"OBL",0,"F"
3,"OBL",0,"F"
4,"OBL",0,"F"
5,"OBL",0,"F"
6,"OBL",0,"F"
7,"OBL",0,"F"
8,"OBL",0,"F"
9,"OBL",0,"F"
10,"OBL",4.56e-07,"F"
11,"OBL",8.05e-06,"F"
12,"OBL",0.000104548,"F"
13,"OBL",0.000310568,"F"
14,"OBL",0.000777501,"F"
15,"OBL",0.001688022,"F"
16,"OBL",0.003249288,"F"
17,"OBL",0.00564181,"F"
18,"OBL",0.009473463,"F"
19,"OBL",0.014377119,"F"
20,"OBL",0.020175847,"F"
21,"OBL",0.026549988,"F"
22,"OBL",0.03257459,"F"
23,"OBL",0.038757324,"F"
24,"OBL",0.044115053,"F"
25,"OBL",0.048324178,"F"
26,"OBL",0.051191826,"F"
27,"OBL",0.052044391,"F"
28,"OBL",0.053411847,"F"
29,"OBL",0.053446297,"F"
30,"OBL",0.052355024,"F"
31,"OBL",0.050380618,"F"
32,"OBL",0.045878446,"F"
33,"OBL",0.04622405,"F"
34,"OBL",0.045818021,"F"
35,"OBL",0.044891818,"F"
36,"OBL",0.043639439,"F"
37,"OBL",0.037093195,"F"
38,"OBL",0.033717704,"F"
39,"OBL",0.030570035,"F"
40,"OBL",0.027713197,"F"
41,"OBL",0.025177651,"F"
42,"OBL",0.020447663,"F"
43,"OBL",0.016486787,"F"
44,"OBL",0.013204369,"F"
45,"OBL",0.010509393,"F"
46,"OBL",0.009221616,"F"
47,"OBL",0.007270248,"F"
48,"OBL",0.005701804,"F"
49,"OBL",0.004364469,"F"
50,"OBL",0,"F"
51,"OBL",0,"F"
52,"OBL",0,"F"
53,"OBL",0,"F"
54,"OBL",0,"F"
55,"OBL",0,"F"
56,"OBL",0,"F"
57,"OBL",0,"F"
58,"OBL",0,"F"
59,"OBL",0,"F"
60,"OBL",0,"F"
61,"OBL",0,"F"
62,"OBL",0,"F"
63,"OBL",0,"F"
64,"OBL",0,"F"
65,"OBL",0,"F"
66,"OBL",0,"F"
67,"OBL",0,"F"
68,"OBL",0,"F"
69,"OBL",0,"F"
70,"OBL",0,"F"
71,"OBL",0,"F"
72,"OBL",0,"F"
73,"OBL",0,"F"
74,"OBL",0,"F"
75,"OBL",0,"F"
76,"OBL",0,"F"
77,"OBL",0,"F"
78,"OBL",0,"F"
79,"OBL",0,"F"
80,"OBL",0,"F"
81,"OBL",0,"F"
82,"OBL",0,"F"
83,"OBL",0,"F"
84,"OBL",0,"F"
85,"OBL",0,"F"
0,"OTH",0,"F"
1,"OTH",0,"F"
2,"OTH",0,"F"
3,"OTH",0,"F"
4,"OTH",0,"F"
5,"OTH",0,"F"
6,"OTH",0,"F"
7,"OTH",0,"F"
8,"OTH",0,"F"
9,"OTH",0,"F"
10,"OTH",6.55e-07,"F"
11,"OTH",1.16e-05,"F"
12,"OTH",0.000150211,"F"
13,"OTH",0.000446215,"F"
14,"OTH",0.001117092,"F"
15,"OTH",0.002425303,"F"
16,"OTH",0.004668488,"F"
17,"OTH",0.008105997,"F"
18,"OTH",0.013611212,"F"
19,"OTH",0.020656649,"F"
20,"OTH",0.028988102,"F"
21,"OTH",0.038146292,"F"
22,"OTH",0.046802275,"F"
23,"OTH",0.055685456,"F"
24,"OTH",0.063383294,"F"
25,"OTH",0.06943085,"F"
26,"OTH",0.073551006,"F"
27,"OTH",0.074775949,"F"
28,"OTH",0.076740672,"F"
29,"OTH",0.076790169,"F"
30,"OTH",0.075222259,"F"
31,"OTH",0.072385485,"F"
32,"OTH",0.065916889,"F"
33,"OTH",0.066413443,"F"
34,"OTH",0.065830072,"F"
35,"OTH",0.064499328,"F"
36,"OTH",0.062699945,"F"
37,"OTH",0.053294482,"F"
38,"OTH",0.04844467,"F"
39,"OTH",0.043922185,"F"
40,"OTH",0.039817558,"F"
41,"OTH",0.036174556,"F"
42,"OTH",0.029378639,"F"
43,"OTH",0.023687762,"F"
44,"OTH",0.018971675,"F"
45,"OTH",0.015099607,"F"
46,"OTH",0.013249364,"F"
47,"OTH",0.010445692,"F"
48,"OTH",0.008192196,"F"
49,"OTH",0.00627075,"F"
50,"OTH",0,"F"
51,"OTH",0,"F"
52,"OTH",0,"F"
53,"OTH",0,"F"
54,"OTH",0,"F"
55,"OTH",0,"F"
56,"OTH",0,"F"
57,"OTH",0,"F"
58,"OTH",0,"F"
59,"OTH",0,"F"
60,"OTH",0,"F"
61,"OTH",0,"F"
62,"OTH",0,"F"
63,"OTH",0,"F"
64,"OTH",0,"F"
65,"OTH",0,"F"
66,"OTH",0,"F"
67,"OTH",0,"F"
68,"OTH",0,"F"
69,"OTH",0,"F"
70,"OTH",0,"F"
71,"OTH",0,"F"
72,"OTH",0,"F"
73,"OTH",0,"F"
74,"OTH",0,"F"
75,"OTH",0,"F"
76,"OTH",0,"F"
77,"OTH",0,"F"
78,"OTH",0,"F"
79,"OTH",0,"F"
80,"OTH",0,"F"
81,"OTH",0,"F"
82,"OTH",0,"F"
83,"OTH",0,"F"
84,"OTH",0,"F"
85,"OTH",0,"F"
0,"WBI",0,"M"
1,"WBI",0,"M"
2,"WBI",0,"M"
3,"WBI",0,"M"
4,"WBI",0,"M"
5,"WBI",0,"M"
6,"WBI",0,"M"
7,"WBI",0,"M"
8,"WBI",0,"M"
9,"WBI",0,"M"
10,"WBI",0,"M"
11,"WBI",0,"M"
12,"WBI",0,"M"
13,"WBI",0,"M"
14,"WBI",0,"M"
15,"WBI",0,"M"
16,"WBI",0,"M"
17,"WBI",0,"M"
18,"WBI",0,"M"
19,"WBI",0,"M"
20,"WBI",0,"M"
21,"WBI",0,"M"
22,"WBI",0,"M"
23,"WBI",0,"M"
24,"WBI",0,"M"
25,"WBI",0,"M"
26,"WBI",0,"M"
27,"WBI",0,"M"
28,"WBI",0,"M"
29,"WBI",0,"M"
30,"WBI",0,"M"
31,"WBI",0,"M"
32,"WBI",0,"M"
33,"WBI",0,"M"
34,"WBI",0,"M"
35,"WBI",0,"M"
36,"WBI",0,"M"
37,"WBI",0,"M"
38,"WBI",0,"M"
39,"WBI",0,"M"
40,"WBI",0,"M"
41,"WBI",0,"M"
42,"WBI",0,"M"
43,"WBI",0,"M"
44,"WBI",0,"M"
45,"WBI",0,"M"
46,"WBI",0,"M"
47,"WBI",0,"M"
48,"WBI",0,"M"
49,"WBI",0,"M"
50,"WBI",0,"M"
51,"WBI",0,"M"
52,"WBI",0,"M"
53,"WBI",0,"M"
54,"WBI",0,"M"
55,"WBI",0,"M"
56,"WBI",0,"M"
57,"WBI",0,"M"
58,"WBI",0,"M"
59,"WBI",0,"M"
60,"WBI",0,"M"
61,"WBI",0,"M"
62,"WBI",0,"M"
63,"WBI",0,"M"
64,"WBI",0,"M"
65,"WBI",0,"M"
66,"WBI",0,"M"
67,"WBI",0,"M"
68,"WBI",0,"M"
69,"WBI",0,"M"
70,"WBI",0,"M"
71,"WBI",0,"M"
72,"WBI",0,"M"
73,"WBI",0,"M"
74,"WBI",0,"M"
75,"WBI",0,"M"
76,"WBI",0,"M"
77,"WBI",0,"M"
78,"WBI",0,"M"
79,"WBI",0,"M"
80,"WBI",0,"M"
81,"WBI",0,"M"
82,"WBI",0,"M"
83,"WBI",0,"M"
84,"WBI",0,"M"
85,"WBI",0,"M"
0,"WHO",0,"M"
1,"WHO",0,"M"
2,"WHO",0,"M"
3,"WHO",0,"M"
4,"WHO",0,"M"
5,"WHO",0,"M"
6,"WHO",0,"M"
7,"WHO",0,"M"
8,"WHO",0,"M"
9,"WHO",0,"M"
10,"WHO",0,"M"
11,"WHO",0,"M"
12,"WHO",0,"M"
13,"WHO",0,"M"
14,"WHO",0,"M"
15,"WHO",0,"M"
16,"WHO",0,"M"
17,"WHO",0,"M"
18,"WHO",0,"M"
19,"WHO",0,"M"
20,"WHO",0,"M"
21,"WHO",0,"M"
22,"WHO",0,"M"
23,"WHO",0,"M"
24,"WHO",0,"M"
25,"WHO",0,"M"
26,"WHO",0,"M"
27,"WHO",0,"M"
28,"WHO",0,"M"
29,"WHO",0,"M"
30,"WHO",0,"M"
31,"WHO",0,"M"
32,"WHO",0,"M"
33,"WHO",0,"M"
34,"WHO",0,"M"
35,"WHO",0,"M"
36,"WHO",0,"M"
37,"WHO",0,"M"
38,"WHO",0,"M"
39,"WHO",0,"M"
40,"WHO",0,"M"
41,"WHO",0,"M"
42,"WHO",0,"M"
43,"WHO",0,"M"
44,"WHO",0,"M"
45,"WHO",0,"M"
46,"WHO",0,"M"
47,"WHO",0,"M"
48,"WHO",0,"M"
49,"WHO",0,"M"
50,"WHO",0,"M"
51,"WHO",0,"M"
52,"WHO",0,"M"
53,"WHO",0,"M"
54,"WHO",0,"M"
55,"WHO",0,"M"
56,"WHO",0,"M"
57,"WHO",0,"M"
58,"WHO",0,"M"
59,"WHO",0,"M"
60,"WHO",0,"M"
61,"WHO",0,"M"
62,"WHO",0,"M"
63,"WHO",0,"M"
64,"WHO",0,"M"
65,"WHO",0,"M"
66,"WHO",0,"M"
67,"WHO",0,"M"
68,"WHO",0,"M"
69,"WHO",0,"M"
70,"WHO",0,"M"
71,"WHO",0,"M"
72,"WHO",0,"M"
73,"WHO",0,"M"
74,"WHO",0,"M"
75,"WHO",0,"M"
76,"WHO",0,"M"
77,"WHO",0,"M"
78,"WHO",0,"M"
79,"WHO",0,"M"
80,"WHO",0,"M"
81,"WHO",0,"M"
82,"WHO",0,"M"
83,"WHO",0,"M"
84,"WHO",0,"M"
85,"WHO",0,"M"
0,"MIX",0,"M"
1,"MIX",0,"M"
2,"MIX",0,"M"
3,"MIX",0,"M"
4,"MIX",0,"M"
5,"MIX",0,"M"
6,"MIX",0,"M"
7,"MIX",0,"M"
8,"MIX",0,"M"
9,"MIX",0,"M"
10,"MIX",0,"M"
11,"MIX",0,"M"
12,"MIX",0,"M"
13,"MIX",0,"M"
14,"MIX",0,"M"
15,"MIX",0,"M"
16,"MIX",0,"M"
17,"MIX",0,"M"
18,"MIX",0,"M"
19,"MIX",0,"M"
20,"MIX",0,"M"
21,"MIX",0,"M"
22,"MIX",0,"M"
23,"MIX",0,"M"
24,"MIX",0,"M"
25,"MIX",0,"M"
26,"MIX",0,"M"
27,"MIX",0,"M"
28,"MIX",0,"M"
29,"MIX",0,"M"
30,"MIX",0,"M"
31,"MIX",0,"M"
32,"MIX",0,"M"
33,"MIX",0,"M"
34,"MIX",0,"M"
35,"MIX",0,"M"
36,"MIX",0,"M"
37,"MIX",0,"M"
38,"MIX",0,"M"
39,"MIX",0,"M"
40,"MIX",0,"M"
41,"MIX",0,"M"
42,"MIX",0,"M"
43,"MIX",0,"M"
44,"MIX",0,"M"
45,"MIX",0,"M"
46,"MIX",0,"M"
47,"MIX",0,"M"
48,"MIX",0,"M"
49,"MIX",0,"M"
50,"MIX",0,"M"
51,"MIX",0,"M"
52,"MIX",0,"M"
53,"MIX",0,"M"
54,"MIX",0,"M"
55,"MIX",0,"M"
56,"MIX",0,"M"
57,"MIX",0,"M"
58,"MIX",0,"M"
59,"MIX",0,"M"
60,"MIX",0,"M"
61,"MIX",0,"M"
62,"MIX",0,"M"
63,"MIX",0,"M"
64,"MIX",0,"M"
65,"MIX",0,"M"
66,"MIX",0,"M"
67,"MIX",0,"M"
68,"MIX",0,"M"
69,"MIX",0,"M"
70,"MIX",0,"M"
71,"MIX",0,"M"
72,"MIX",0,"M"
73,"MIX",0,"M"
74,"MIX",0,"M"
75,"MIX",0,"M"
76,"MIX",0,"M"
77,"MIX",0,"M"
78,"MIX",0,"M"
79,"MIX",0,"M"
80,"MIX",0,"M"
81,"MIX",0,"M"
82,"MIX",0,"M"
83,"MIX",0,"M"
84,"MIX",0,"M"
85,"MIX",0,"M"
0,"IND",0,"M"
1,"IND",0,"M"
2,"IND",0,"M"
3,"IND",0,"M"
4,"IND",0,"M"
5,"IND",0,"M"
6,"IND",0,"M"
7,"IND",0,"M"
8,"IND",0,"M"
9,"IND",0,"M"
10,"IND",0,"M"
11,"IND",0,"M"
12,"IND",0,"M"
13,"IND",0,"M"
14,"IND",0,"M"
15,"IND",0,"M"
16,"IND",0,"M"
17,"IND",0,"M"
18,"IND",0,"M"
19,"IND",0,"M"
20,"IND",0,"M"
21,"IND",0,"M"
22,"IND",0,"M"
23,"IND",0,"M"
24,"IND",0,"M"
25,"IND",0,"M"
26,"IND",0,"M"
27,"IND",0,"M"
28,"IND",0,"M"
29,"IND",0,"M"
30,"IND",0,"M"
31,"IND",0,"M"
32,"IND",0,"M"
33,"IND",0,"M"
34,"IND",0,"M"
35,"IND",0,"M"
36,"IND",0,"M"
37,"IND",0,"M"
38,"IND",0,"M"
39,"IND",0,"M"
40,"IND",0,"M"
41,"IND",0,"M"
42,"IND",0,"M"
43,"IND",0,"M"
44,"IND",0,"M"
45,"IND",0,"M"
46,"IND",0,"M"
47,"IND",0,"M"
48,"IND",0,"M"
49,"IND",0,"M"
50,"IND",0,"M"
51,"IND",0,"M"
52,"IND",0,"M"
53,"IND",0,"M"
54,"IND",0,"M"
55,"IND",0,"M"
56,"IND",0,"M"
57,"IND",0,"M"
58,"IND",0,"M"
59,"IND",0,"M"
60,"IND",0,"M"
61,"IND",0,"M"
62,"IND",0,"M"
63,"IND",0,"M"
64,"IND",0,"M"
65,"IND",0,"M"
66,"IND",0,"M"
67,"IND",0,"M"
68,"IND",0,"M"
69,"IND",0,"M"
70,"IND",0,"M"
71,"IND",0,"M"
72,"IND",0,"M"
73,"IND",0,"M"
74,"IND",0,"M"
75,"IND",0,"M"
76,"IND",0,"M"
77,"IND",0,"M"
78,"IND",0,"M"
79,"IND",0,"M"
80,"IND",0,"M"
81,"IND",0,"M"
82,"IND",0,"M"
83,"IND",0,"M"
84,"IND",0,"M"
85,"IND",0,"M"
0,"PAK",0,"M"
1,"PAK",0,"M"
2,"PAK",0,"M"
3,"PAK",0,"M"
4,"PAK",0,"M"
5,"PAK",0,"M"
6,"PAK",0,"M"
7,"PAK",0,"M"
8,"PAK",0,"M"
9,"PAK",0,"M"
10,"PAK",0,"M"
11,"PAK",0,"M"
12,"PAK",0,"M"
13,"PAK",0,"M"
14,"PAK",0,"M"
15,"PAK",0,"M"
16,"PAK",0,"M"
17,"PAK",0,"M"
18,"PAK",0,"M"
19,"PAK",0,"M"
20,"PAK",0,"M"
21,"PAK",0,"M"
22,"PAK",0,"M"
23,"PAK",0,"M"
24,"PAK",0,"M"
25,"PAK",0,"M"
26,"PAK",0,"M"
27,"PAK",0,"M"
28,"PAK",0,"M"
29,"PAK",0,"M"
30,"PAK",0,"M"
31,"PAK",0,"M"
32,"PAK",0,"M"
33,"PAK",0,"M"
34,"PAK",0,"M"
35,"PAK",0,"M"
36,"PAK",0,"M"
37,"PAK",0,"M"
38,"PAK",0,"M"
39,"PAK",0,"M"
40,"PAK",0,"M"
41,"PAK",0,"M"
42,"PAK",0,"M"
43,"PAK",0,"M"
44,"PAK",0,"M"
45,"PAK",0,"M"
46,"PAK",0,"M"
47,"PAK",0,"M"
48,"PAK",0,"M"
49,"PAK",0,"M"
50,"PAK",0,"M"
51,"PAK",0,"M"
52,"PAK",0,"M"
53,"PAK",0,"M"
54,"PAK",0,"M"
55,"PAK",0,"M"
56,"PAK",0,"M"
57,"PAK",0,"M"
58,"PAK",0,"M"
59,"PAK",0,"M"
60,"PAK",0,"M"
61,"PAK",0,"M"
62,"PAK",0,"M"
63,"PAK",0,"M"
64,"PAK",0,"M"
65,"PAK",0,"M"
66,"PAK",0,"M"
67,"PAK",0,"M"
68,"PAK",0,"M"
69,"PAK",0,"M"
70,"PAK",0,"M"
71,"PAK",0,"M"
72,"PAK",0,"M"
73,"PAK",0,"M"
74,"PAK",0,"M"
75,"PAK",0,"M"
76,"PAK",0,"M"
77,"PAK",0,"M"
78,"PAK",0,"M"
79,"PAK",0,"M"
80,"PAK",0,"M"
81,"PAK",0,"M"
82,"PAK",0,"M"
83,"PAK",0,"M"
84,"PAK",0,"M"
85,"PAK",0,"M"
0,"BAN",0,"M"
1,"BAN",0,"M"
2,"BAN",0,"M"
3,"BAN",0,"M"
4,"BAN",0,"M"
5,"BAN",0,"M"
6,"BAN",0,"M"
7,"BAN",0,"M"
8,"BAN",0,"M"
9,"BAN",0,"M"
10,"BAN",0,"M"
11,"BAN",0,"M"
12,"BAN",0,"M"
13,"BAN",0,"M"
14,"BAN",0,"M"
15,"BAN",0,"M"
16,"BAN",0,"M"
17,"BAN",0,"M"
18,"BAN",0,"M"
19,"BAN",0,"M"
20,"BAN",0,"M"
21,"BAN",0,"M"
22,"BAN",0,"M"
23,"BAN",0,"M"
24,"BAN",0,"M"
25,"BAN",0,"M"
26,"BAN",0,"M"
27,"BAN",0,"M"
28,"BAN",0,"M"
29,"BAN",0,"M"
30,"BAN",0,"M"
31,"BAN",0,"M"
32,"BAN",0,"M"
33,"BAN",0,"M"
34,"BAN",0,"M"
35,"BAN",0,"M"
36,"BAN",0,"M"
37,"BAN",0,"M"
38,"BAN",0,"M"
39,"BAN",0,"M"
40,"BAN",0,"M"
41,"BAN",0,"M"
42,"BAN",0,"M"
43,"BAN",0,"M"
44,"BAN",0,"M"
45,"BAN",0,"M"
46,"BAN",0,"M"
47,"BAN",0,"M"
48,"BAN",0,"M"
49,"BAN",0,"M"
50,"BAN",0,"M"
51,"BAN",0,"M"
52,"BAN",0,"M"
53,"BAN",0,"M"
54,"BAN",0,"M"
55,"BAN",0,"M"
56,"BAN",0,"M"
57,"BAN",0,"M"
58,"BAN",0,"M"
59,"BAN",0,"M"
60,"BAN",0,"M"
61,"BAN",0,"M"
62,"BAN",0,"M"
63,"BAN",0,"M"
64,"BAN",0,"M"
65,"BAN",0,"M"
66,"BAN",0,"M"
67,"BAN",0,"M"
68,"BAN",0,"M"
69,"BAN",0,"M"
70,"BAN",0,"M"
71,"BAN",0,"M"
72,"BAN",0,"M"
73,"BAN",0,"M"
74,"BAN",0,"M"
75,"BAN",0,"M"
76,"BAN",0,"M"
77,"BAN",0,"M"
78,"BAN",0,"M"
79,"BAN",0,"M"
80,"BAN",0,"M"
81,"BAN",0,"M"
82,"BAN",0,"M"
83,"BAN",0,"M"
84,"BAN",0,"M"
85,"BAN",0,"M"
0,"CHI",0,"M"
1,"CHI",0,"M"
2,"CHI",0,"M"
3,"CHI",0,"M"
4,"CHI",0,"M"
5,"CHI",0,"M"
6,"CHI",0,"M"
7,"CHI",0,"M"
8,"CHI",0,"M"
9,"CHI",0,"M"
10,"CHI",0,"M"
11,"CHI",0,"M"
12,"CHI",0,"M"
13,"CHI",0,"M"
14,"CHI",0,"M"
15,"CHI",0,"M"
16,"CHI",0,"M"
17,"CHI",0,"M"
18,"CHI",0,"M"
19,"CHI",0,"M"
20,"CHI",0,"M"
21,"CHI",0,"M"
22,"CHI",0,"M"
23,"CHI",0,"M"
24,"CHI",0,"M"
25,"CHI",0,"M"
26,"CHI",0,"M"
27,"CHI",0,"M"
28,"CHI",0,"M"
29,"CHI",0,"M"
30,"CHI",0,"M"
31,"CHI",0,"M"
32,"CHI",0,"M"
33,"CHI",0,"M"
34,"CHI",0,"M"
35,"CHI",0,"M"
36,"CHI",0,"M"
37,"CHI",0,"M"
38,"CHI",0,"M"
39,"CHI",0,"M"
40,"CHI",0,"M"
41,"CHI",0,"M"
42,"CHI",0,"M"
43,"CHI",0,"M"
44,"CHI",0,"M"
45,"CHI",0,"M"
46,"CHI",0,"M"
47,"CHI",0,"M"
48,"CHI",0,"M"
49,"CHI",0,"M"
50,"CHI",0,"M"
51,"CHI",0,"M"
52,"CHI",0,"M"
53,"CHI",0,"M"
54,"CHI",0,"M"
55,"CHI",0,"M"
56,"CHI",0,"M"
57,"CHI",0,"M"
58,"CHI",0,"M"
59,"CHI",0,"M"
60,"CHI",0,"M"
61,"CHI",0,"M"
62,"CHI",0,"M"
63,"CHI",0,"M"
64,"CHI",0,"M"
65,"CHI",0,"M"
66,"CHI",0,"M"
67,"CHI",0,"M"
68,"CHI",0,"M"
69,"CHI",0,"M"
70,"CHI",0,"M"
71,"CHI",0,"M"
72,"CHI",0,"M"
73,"CHI",0,"M"
74,"CHI",0,"M"
75,"CHI",0,"M"
76,"CHI",0,"M"
77,"CHI",0,"M"
78,"CHI",0,"M"
79,"CHI",0,"M"
80,"CHI",0,"M"
81,"CHI",0,"M"
82,"CHI",0,"M"
83,"CHI",0,"M"
84,"CHI",0,"M"
85,"CHI",0,"M"
0,"OAS",0,"M"
1,"OAS",0,"M"
2,"OAS",0,"M"
3,"OAS",0,"M"
4,"OAS",0,"M"
5,"OAS",0,"M"
6,"OAS",0,"M"
7,"OAS",0,"M"
8,"OAS",0,"M"
9,"OAS",0,"M"
10,"OAS",0,"M"
11,"OAS",0,"M"
12,"OAS",0,"M"
13,"OAS",0,"M"
14,"OAS",0,"M"
15,"OAS",0,"M"
16,"OAS",0,"M"
17,"OAS",0,"M"
18,"OAS",0,"M"
19,"OAS",0,"M"
20,"OAS",0,"M"
21,"OAS",0,"M"
22,"OAS",0,"M"
23,"OAS",0,"M"
24,"OAS",0,"M"
25,"OAS",0,"M"
26,"OAS",0,"M"
27,"OAS",0,"M"
28,"OAS",0,"M"
29,"OAS",0,"M"
30,"OAS",0,"M"
31,"OAS",0,"M"
32,"OAS",0,"M"
33,"OAS",0,"M"
34,"OAS",0,"M"
35,"OAS",0,"M"
36,"OAS",0,"M"
37,"OAS",0,"M"
38,"OAS",0,"M"
39,"OAS",0,"M"
40,"OAS",0,"M"
41,"OAS",0,"M"
42,"OAS",0,"M"
43,"OAS",0,"M"
44,"OAS",0,"M"
45,"OAS",0,"M"
46,"OAS",0,"M"
47,"OAS",0,"M"
48,"OAS",0,"M"
49,"OAS",0,"M"
50,"OAS",0,"M"
51,"OAS",0,"M"
52,"OAS",0,"M"
53,"OAS",0,"M"
54,"OAS",0,"M"
55,"OAS",0,"M"
56,"OAS",0,"M"
57,"OAS",0,"M"
58,"OAS",0,"M"
59,"OAS",0,"M"
60,"OAS",0,"M"
61,"OAS",0,"M"
62,"OAS",0,"M"
63,"OAS",0,"M"
64,"OAS",0,"M"
65,"OAS",0,"M"
66,"OAS",0,"M"
67,"OAS",0,"M"
68,"OAS",0,"M"
69,"OAS",0,"M"
70,"OAS",0,"M"
71,"OAS",0,"M"
72,"OAS",0,"M"
73,"OAS",0,"M"
74,"OAS",0,"M"
75,"OAS",0,"M"
76,"OAS",0,"M"
77,"OAS",0,"M"
78,"OAS",0,"M"
79,"OAS",0,"M"
80,"OAS",0,"M"
81,"OAS",0,"M"
82,"OAS",0,"M"
83,"OAS",0,"M"
84,"OAS",0,"M"
85,"OAS",0,"M"
0,"BLA",0,"M"
1,"BLA",0,"M"
2,"BLA",0,"M"
3,"BLA",0,"M"
4,"BLA",0,"M"
5,"BLA",0,"M"
6,"BLA",0,"M"
7,"BLA",0,"M"
8,"BLA",0,"M"
9,"BLA",0,"M"
10,"BLA",0,"M"
11,"BLA",0,"M"
12,"BLA",0,"M"
13,"BLA",0,"M"
14,"BLA",0,"M"
15,"BLA",0,"M"
16,"BLA",0,"M"
17,"BLA",0,"M"
18,"BLA",0,"M"
19,"BLA",0,"M"
20,"BLA",0,"M"
21,"BLA",0,"M"
22,"BLA",0,"M"
23,"BLA",0,"M"
24,"BLA",0,"M"
25,"BLA",0,"M"
26,"BLA",0,"M"
27,"BLA",0,"M"
28,"BLA",0,"M"
29,"BLA",0,"M"
30,"BLA",0,"M"
31,"BLA",0,"M"
32,"BLA",0,"M"
33,"BLA",0,"M"
34,"BLA",0,"M"
35,"BLA",0,"M"
36,"BLA",0,"M"
37,"BLA",0,"M"
38,"BLA",0,"M"
39,"BLA",0,"M"
40,"BLA",0,"M"
41,"BLA",0,"M"
42,"BLA",0,"M"
43,"BLA",0,"M"
44,"BLA",0,"M"
45,"BLA",0,"M"
46,"BLA",0,"M"
47,"BLA",0,"M"
48,"BLA",0,"M"
49,"BLA",0,"M"
50,"BLA",0,"M"
51,"BLA",0,"M"
52,"BLA",0,"M"
53,"BLA",0,"M"
54,"BLA",0,"M"
55,"BLA",0,"M"
56,"BLA",0,"M"
57,"BLA",0,"M"
58,"BLA",0,"M"
59,"BLA",0,"M"
60,"BLA",0,"M"
61,"BLA",0,"M"
62,"BLA",0,"M"
63,"BLA",0,"M"
64,"BLA",0,"M"
65,"BLA",0,"M"
66,"BLA",0,"M"
67,"BLA",0,"M"
68,"BLA",0,"M"
69,"BLA",0,"M"
70,"BLA",0,"M"
71,"BLA",0,"M"
72,"BLA",0,"M"
73,"BLA",0,"M"
74,"BLA",0,"M"
75,"BLA",0,"M"
76,"BLA",0,"M"
77,"BLA",0,"M"
78,"BLA",0,"M"
79,"BLA",0,"M"
80,"BLA",0,"M"
81,"BLA",0,"M"
82,"BLA",0,"M"
83,"BLA",0,"M"
84,"BLA",0,"M"
85,"BLA",0,"M"
0,"BLC",0,"M"
1,"BLC",0,"M"
2,"BLC",0,"M"
3,"BLC",0,"M"
4,"BLC",0,"M"
5,"BLC",0,"M"
6,"BLC",0,"M"
7,"BLC",0,"M"
8,"BLC",0,"M"
9,"BLC",0,"M"
10,"BLC",0,"M"
11,"BLC",0,"M"
12,"BLC",0,"M"
13,"BLC",0,"M"
14,"BLC",0,"M"
15,"BLC",0,"M"
16,"BLC",0,"M"
17,"BLC",0,"M"
18,"BLC",0,"M"
19,"BLC",0,"M"
20,"BLC",0,"M"
21,"BLC",0,"M"
22,"BLC",0,"M"
23,"BLC",0,"M"
24,"BLC",0,"M"
25,"BLC",0,"M"
26,"BLC",0,"M"
27,"BLC",0,"M"
28,"BLC",0,"M"
29,"BLC",0,"M"
30,"BLC",0,"M"
31,"BLC",0,"M"
32,"BLC",0,"M"
33,"BLC",0,"M"
34,"BLC",0,"M"
35,"BLC",0,"M"
36,"BLC",0,"M"
37,"BLC",0,"M"
38,"BLC",0,"M"
39,"BLC",0,"M"
40,"BLC",0,"M"
41,"BLC",0,"M"
42,"BLC",0,"M"
43,"BLC",0,"M"
44,"BLC",0,"M"
45,"BLC",0,"M"
46,"BLC",0,"M"
47,"BLC",0,"M"
48,"BLC",0,"M"
49,"BLC",0,"M"
50,"BLC",0,"M"
51,"BLC",0,"M"
52,"BLC",0,"M"
53,"BLC",0,"M"
54,"BLC",0,"M"
55,"BLC",0,"M"
56,"BLC",0,"M"
57,"BLC",0,"M"
58,"BLC",0,"M"
59,"BLC",0,"M"
60,"BLC",0,"M"
61,"BLC",0,"M"
62,"BLC",0,"M"
63,"BLC",0,"M"
64,"BLC",0,"M"
65,"BLC",0,"M"
66,"BLC",0,"M"
67,"BLC",0,"M"
68,"BLC",0,"M"
69,"BLC",0,"M"
70,"BLC",0,"M"
71,"BLC",0,"M"
72,"BLC",0,"M"
73,"BLC",0,"M"
74,"BLC",0,"M"
75,"BLC",0,"M"
76,"BLC",0,"M"
77,"BLC",0,"M"
78,"BLC",0,"M"
79,"BLC",0,"M"
80,"BLC",0,"M"
81,"BLC",0,"M"
82,"BLC",0,"M"
83,"BLC",0,"M"
84,"BLC",0,"M"
85,"BLC",0,"M"
0,"OBL",0,"M"
1,"OBL",0,"M"
2,"OBL",0,"M"
3,"OBL",0,"M"
4,"OBL",0,"M"
5,"OBL",0,"M"
6,"OBL",0,"M"
7,"OBL",0,"M"
8,"OBL",0,"M"
9,"OBL",0,"M"
10,"OBL",0,"M"
11,"OBL",0,"M"
12,"OBL",0,"M"
13,"OBL",0,"M"
14,"OBL",0,"M"
15,"OBL",0,"M"
16,"OBL",0,"M"
17,"OBL",0,"M"
18,"OBL",0,"M"
19,"OBL",0,"M"
20,"OBL",0,"M"
21,"OBL",0,"M"
22,"OBL",0,"M"
23,"OBL",0,"M"
24,"OBL",0,"M"
25,"OBL",0,"M"
26,"OBL",0,"M"
27,"OBL",0,"M"
28,"OBL",0,"M"
29,"OBL",0,"M"
30,"OBL",0,"M"
31,"OBL",0,"M"
32,"OBL",0,"M"
33,"OBL",0,"M"
34,"OBL",0,"M"
35,"OBL",0,"M"
36,"OBL",0,"M"
37,"OBL",0,"M"
38,"OBL",0,"M"
39,"OBL",0,"M"
40,"OBL",0,"M"
41,"OBL",0,"M"
42,"OBL",0,"M"
43,"OBL",0,"M"
44,"OBL",0,"M"
45,"OBL",0,"M"
46,"OBL",0,"M"
47,"OBL",0,"M"
48,"OBL",0,"M"
49,"OBL",0,"M"
50,"OBL",0,"M"
51,"OBL",0,"M"
52,"OBL",0,"M"
53,"OBL",0,"M"
54,"OBL",0,"M"
55,"OBL",0,"M"
56,"OBL",0,"M"
57,"OBL",0,"M"
58,"OBL",0,"M"
59,"OBL",0,"M"
60,"OBL",0,"M"
61,"OBL",0,"M"
62,"OBL",0,"M"
63,"OBL",0,"M"
64,"OBL",0,"M"
65,"OBL",0,"M"
66,"OBL",0,"M"
67,"OBL",0,"M"
68,"OBL",0,"M"
69,"OBL",0,"M"
70,"OBL",0,"M"
71,"OBL",0,"M"
72,"OBL",0,"M"
73,"OBL",0,"M"
74,"OBL",0,"M"
75,"OBL",0,"M"
76,"OBL",0,"M"
77,"OBL",0,"M"
78,"OBL",0,"M"
79,"OBL",0,"M"
80,"OBL",0,"M"
81,"OBL",0,"M"
82,"OBL",0,"M"
83,"OBL",0,"M"
84,"OBL",0,"M"
85,"OBL",0,"M"
0,"OTH",0,"M"
1,"OTH",0,"M"
2,"OTH",0,"M"
3,"OTH",0,"M"
4,"OTH",0,"M"
5,"OTH",0,"M"
6,"OTH",0,"M"
7,"OTH",0,"M"
8,"OTH",0,"M"
9,"OTH",0,"M"
10,"OTH",0,"M"
11,"OTH",0,"M"
12,"OTH",0,"M"
13,"OTH",0,"M"
14,"OTH",0,"M"
15,"OTH",0,"M"
16,"OTH",0,"M"
17,"OTH",0,"M"
18,"OTH",0,"M"
19,"OTH",0,"M"
20,"OTH",0,"M"
21,"OTH",0,"M"
22,"OTH",0,"M"
23,"OTH",0,"M"
24,"OTH",0,"M"
25,"OTH",0,"M"
26,"OTH",0,"M"
27,"OTH",0,"M"
28,"OTH",0,"M"
29,"OTH",0,"M"
30,"OTH",0,"M"
31,"OTH",0,"M"
32,"OTH",0,"M"
33,"OTH",0,"M"
34,"OTH",0,"M"
35,"OTH",0,"M"
36,"OTH",0,"M"
37,"OTH",0,"M"
38,"OTH",0,"M"
39,"OTH",0,"M"
40,"OTH",0,"M"
41,"OTH",0,"M"
42,"OTH",0,"M"
43,"OTH",0,"M"
44,"OTH",0,"M"
45,"OTH",0,"M"
46,"OTH",0,"M"
47,"OTH",0,"M"
48,"OTH",0,"M"
49,"OTH",0,"M"
50,"OTH",0,"M"
51,"OTH",0,"M"
52,"OTH",0,"M"
53,"OTH",0,"M"
54,"OTH",0,"M"
55,"OTH",0,"M"
56,"OTH",0,"M"
57,"OTH",0,"M"
58,"OTH",0,"M"
59,"OTH",0,"M"
60,"OTH",0,"M"
61,"OTH",0,"M"
62,"OTH",0,"M"
63,"OTH",0,"M"
64,"OTH",0,"M"
65,"OTH",0,"M"
66,"OTH",0,"M"
67,"OTH",0,"M"
68,"OTH",0,"M"
69,"OTH",0,"M"
70,"OTH",0,"M"
71,"OTH",0,"M"
72,"OTH",0,"M"
73,"OTH",0,"M"
74,"OTH",0,"M"
75,"OTH",0,"M"
76,"OTH",0,"M"
77,"OTH",0,"M"
78,"OTH",0,"M"
79,"OTH",0,"M"
80,"OTH",0,"M"
81,"OTH",0,"M"
82,"OTH",0,"M"
83,"OTH",0,"M"
84,"OTH",0,"M"
85,"OTH",0,"M"
